,runtype,run,nranks,epcnt,intvl,pvtcnt,epoch1_wr_min,epoch1_wr_max,epoch2_wr_min,epoch2_wr_max,epoch3_wr_min,epoch3_wr_max,epoch4_wr_min,epoch4_wr_max,epoch5_wr_min,epoch5_wr_max,epoch6_wr_min,epoch6_wr_max,epoch7_wr_min,epoch7_wr_max,epoch8_wr_min,epoch8_wr_max,epoch9_wr_min,epoch9_wr_max,epoch10_wr_min,epoch10_wr_max,epoch11_wr_min,epoch11_wr_max,epoch12_wr_min,epoch12_wr_max,load_std,wr_dropped,epoch1_tmin,epoch1_tmax,epoch2_tmin,epoch2_tmax,epoch3_tmin,epoch3_tmax,epoch4_tmin,epoch4_tmax,epoch5_tmin,epoch5_tmax,epoch6_tmin,epoch6_tmax,epoch7_tmin,epoch7_tmax,epoch8_tmin,epoch8_tmax,epoch9_tmin,epoch9_tmax,epoch10_tmin,epoch10_tmax,epoch11_tmin,epoch11_tmax,epoch12_tmin,epoch12_tmax,max_fin_dura,total_io_time
0,carp-suite,3,32,12,750000,1024,6200000,7700000,6300000,7900000,6200000,8199999,6300000,7900000,6300000,8300000,6200000,8300000,6200000,8199999,6300000,8500000,6300000,8199999,6300000,8900000,6300000,8400000,6200000,8500000,0.066,0,82732.0,82759.0,82545.0,82569.0,86811.0,86949.0,85182.0,85328.0,86487.0,86535.0,86056.0,86097.0,86622.0,86685.0,86987.0,87020.0,87262.0,87292.0,87270.0,87329.0,87782.0,87814.0,85493.0,85541.0,86.51100000000001,1032004.678
1,carp-suite,3,16,12,1000000,2048,5100000,8600000,5600000,8000000,4700000,8600000,4500000,8800000,4300000,9000000,4500000,8700000,5300000,8500000,5100000,8400000,4900000,9000000,5400000,8300000,4800000,8600000,4500000,8700000,0.116,0,17172.0,17175.0,23598.0,23602.0,26010.0,26020.0,26593.0,26631.0,27269.0,27367.0,27800.0,27891.0,28811.0,28840.0,27602.0,27625.0,28479.0,28501.0,27763.0,27795.0,28435.0,28464.0,28490.0,28533.0,71.348,318514.678
2,carp-suite,2,32,12,1000000,1024,6300000,8300000,6100000,8100000,6100000,8400000,6200000,7700000,6300000,7900000,6300000,7900000,6300000,7600000,6100000,7700000,6300000,8199999,6200000,7800000,6200000,8700000,6200000,8000000,0.045,0,86535.0,86592.0,85024.0,85096.0,82881.0,82951.0,86291.0,86311.0,86593.0,86608.0,85777.0,85802.0,84557.0,84583.0,85571.0,85698.0,85121.0,85236.0,85895.0,85930.0,85996.0,86028.0,84527.0,84594.0,242.445,1025671.705
3,carp-suite,1,512,12,1000000,1024,4500000,10000000,5100000,10900000,3100000,9800000,5300000,10300000,3300000,8700000,4099999,10000000,5400000,12200000,5300000,9300000,3200000,11700000,2900000,9000000,6000000,10500000,3600000,12400000,0.084,0,47729.0,47893.0,63617.0,63766.0,97304.0,97479.0,113776.0,114027.0,120401.0,120659.0,121880.0,122345.0,126469.0,126853.0,117004.0,117185.0,125399.0,125614.0,124682.0,124821.0,135702.0,135879.0,113908.0,114102.0,12383.301,1323007.321
4,carp-suite,1,32,12,1000000,1024,6200000,8300000,6300000,7900000,6200000,8000000,5900000,8900000,6300000,8000000,6200000,7900000,6200000,8199999,6200000,8000000,6200000,8000000,6200000,7700000,5900000,8900000,6200000,7900000,0.051,0,81472.0,81565.0,85097.0,85168.0,82958.0,82983.0,83313.0,83405.0,84102.0,84199.0,83632.0,83690.0,83588.0,83615.0,83837.0,83937.0,82847.0,82932.0,83336.0,83364.0,83447.0,83486.0,82369.0,82469.0,87.258,1000898.8890000001
5,carp-suite,2,512,12,1000000,1024,5000000,12400000,4000000,12100000,4700000,11800000,4300000,13600000,2600000,9400000,5000000,10800000,5500000,10700000,5500000,12100000,6000000,12700000,2700000,9000000,2700000,8000000,5700000,14700000,0.071,0,37052.0,41148.0,68089.0,74398.0,100801.0,103805.0,113332.0,114226.0,121710.0,121924.0,150724.0,151028.0,123408.0,123579.0,133445.0,133710.0,119413.0,119691.0,126991.0,127175.0,116736.0,116861.0,113523.0,113746.0,2382.587,1343673.911
6,carp-suite,2,16,12,750000,1024,5000000,8500000,4700000,9000000,4900000,8300000,4700000,8300000,4800000,8100000,5000000,8199999,4600000,8199999,5400000,8000000,4600000,8400000,4900000,8600000,4500000,8400000,4500000,8500000,0.112,0,17083.0,17088.0,21570.0,21587.0,23505.0,23527.0,24379.0,24402.0,24766.0,24777.0,25171.0,25186.0,25547.0,25576.0,25691.0,25710.0,25933.0,25953.0,26327.0,26350.0,25881.0,25901.0,26348.0,26385.0,79.444,292523.23000000004
7,carp-suite,3,64,12,750000,1024,5900000,10200000,4300000,9300000,5800000,8900000,5300000,7800000,4200000,8600000,4300000,8100000,6300000,9000000,5700000,8800000,4400000,9300000,5600000,8100000,4900000,7700000,5100000,8400000,0.05,0,52853.0,52924.0,55373.0,55468.0,57922.0,58023.0,61821.0,61896.0,60226.0,60311.0,64375.0,64452.0,61347.0,61406.0,59050.0,59150.0,60216.0,60290.0,56513.0,56615.0,57513.0,57578.0,56990.0,57059.0,237.547,705409.6510000001
8,carp-suite,1,64,12,750000,1024,3900000,9200000,6000000,8100000,6100000,8000000,6200000,8000000,6000000,7900000,6200000,8600000,5900000,8000000,5800000,8100000,5900000,8100000,6000000,8100000,6100000,8199999,6000000,8300000,0.048,0,61782.0,61867.0,71080.0,71156.0,76766.0,76840.0,75275.0,75353.0,74272.0,74345.0,76703.0,76739.0,76124.0,76204.0,75580.0,75674.0,76370.0,76453.0,78065.0,78122.0,76333.0,76527.0,88063.0,88264.0,974.675,908519.138
9,carp-suite,1,32,12,750000,2048,6300000,7900000,6300000,7800000,6100000,8000000,6200000,8199999,6300000,8300000,6300000,8100000,6200000,8199999,6200000,8100000,6200000,8000000,6300000,8100000,6200000,9000000,6200000,8600000,0.063,0,103156.0,103171.0,114712.0,114729.0,116761.0,116804.0,117906.0,117960.0,117680.0,117792.0,115166.0,115198.0,119839.0,119923.0,115438.0,115476.0,122069.0,122192.0,122586.0,122703.0,120561.0,120587.0,118374.0,118448.0,103.167,1405086.053
10,carp-suite,3,64,12,750000,2048,4099999,8500000,5900000,7900000,6000000,8400000,6300000,9300000,6100000,8300000,6200000,8300000,6000000,8300000,5800000,7900000,6200000,8400000,5900000,8199999,5900000,8600000,5800000,8199999,0.061,0,61197.0,61269.0,72225.0,72360.0,75654.0,75827.0,75331.0,75423.0,77833.0,77938.0,77742.0,77840.0,78452.0,78574.0,77774.0,77922.0,76389.0,76476.0,78356.0,78405.0,78568.0,78610.0,80822.0,80869.0,176.644,911689.909
11,carp-suite,1,128,12,750000,1024,4000000,10800000,4200000,8300000,4400000,8600000,4500000,8000000,4700000,9400000,5200000,8300000,4200000,8700000,5900000,8600000,4300000,8800000,4700000,9600000,4000000,8800000,5400000,8400000,0.102,0,41778.0,41896.0,53516.0,53678.0,54514.0,54592.0,57013.0,57200.0,58206.0,58425.0,56141.0,56308.0,56115.0,56240.0,60429.0,60542.0,58638.0,58863.0,56131.0,56383.0,57889.0,58048.0,61343.0,61507.0,223.81599999999997,673905.8659999999
12,carp-suite,2,64,12,1000000,1024,5300000,9600000,3800000,10000000,4800000,9700000,5100000,7800000,3800000,9000000,4800000,9600000,4600000,9100000,4700000,8800000,4400000,9300000,4400000,9200000,5000000,9700000,4900000,9700000,0.07,0,53822.0,53913.0,56274.0,56372.0,55676.0,55747.0,58813.0,58881.0,56438.0,56512.0,58089.0,58163.0,56179.0,56255.0,55944.0,56043.0,55914.0,56084.0,57552.0,57699.0,59320.0,59419.0,57933.0,58071.0,130.378,683288.952
13,carp-suite,3,64,12,1000000,2048,5300000,9300000,4600000,9700000,4600000,9200000,5000000,8000000,5300000,7600000,5600000,8500000,6100000,8400000,5600000,8900000,4600000,9300000,4900000,8500000,4600000,9400000,4600000,8900000,0.062,0,54500.0,54535.0,54657.0,54737.0,54438.0,54487.0,58882.0,58940.0,55698.0,55830.0,58140.0,58236.0,58789.0,58921.0,56936.0,57027.0,56624.0,56693.0,57470.0,57563.0,55736.0,55841.0,59848.0,59971.0,283.634,683066.915
14,carp-suite,2,64,12,750000,2048,5500000,8199999,6200000,7600000,6000000,7900000,5900000,8000000,5900000,7600000,5800000,7700000,5800000,7800000,6200000,9200000,6000000,7800000,6000000,7800000,6000000,7900000,5800000,8100000,0.063,0,62669.0,62709.0,72744.0,72823.0,77410.0,77580.0,77713.0,77937.0,78712.0,78888.0,76516.0,76695.0,76833.0,76989.0,77927.0,77975.0,78236.0,78289.0,77461.0,77622.0,79098.0,79273.0,75109.0,75223.0,152.082,912155.929
15,carp-suite,1,32,12,750000,1024,6300000,8000000,6200000,8500000,6200000,7900000,6000000,8300000,6200000,7900000,6200000,8000000,6200000,7900000,6000000,8100000,6300000,7900000,6000000,8199999,6200000,7700000,6300000,7800000,0.05,0,84218.0,84254.0,87246.0,87393.0,86741.0,86860.0,88800.0,88843.0,88545.0,88586.0,91388.0,91412.0,90845.0,90862.0,91491.0,91523.0,93324.0,93339.0,88532.0,88558.0,87485.0,87510.0,90462.0,90567.0,99.304,1069805.362
16,carp-suite,2,32,12,1000000,2048,6300000,8000000,6300000,8100000,6300000,7900000,6200000,8100000,6200000,8000000,6200000,7700000,6200000,8100000,6200000,8500000,5900000,8900000,5900000,8900000,6200000,8000000,6100000,8100000,0.052,0,88602.0,88649.0,84701.0,84726.0,85020.0,85044.0,86291.0,86316.0,85959.0,85968.0,85226.0,85286.0,87342.0,87457.0,85486.0,85638.0,84899.0,84973.0,85562.0,85596.0,85874.0,85998.0,85772.0,85925.0,94.51700000000001,1031672.518
17,carp-suite,2,512,12,750000,1024,5700000,11600000,5400000,11300000,4300000,10500000,3200000,7800000,2800000,9500000,6000000,12300000,5200000,10800000,2300000,8100000,3500000,16100000,3600000,12500000,5300000,12100000,3700000,11100000,0.065,0,58864.0,59110.0,93309.0,93496.0,95135.0,99649.0,120505.0,125024.0,132690.0,132967.0,117341.0,117632.0,117248.0,117459.0,134291.0,134500.0,110612.0,110776.0,119828.0,120097.0,115195.0,115415.0,123059.0,123315.0,1752.153,1351190.8869999999
18,carp-suite,3,16,12,1000000,1024,5400000,8000000,5100000,8500000,5200000,8300000,5000000,9000000,5100000,8900000,5300000,8300000,5100000,8900000,5100000,8900000,5000000,9100000,5500000,8900000,5000000,8900000,5500000,8900000,0.104,0,17599.0,17619.0,23688.0,23717.0,23771.0,23793.0,24735.0,24762.0,25457.0,25475.0,25481.0,25552.0,25718.0,25786.0,25999.0,26017.0,26019.0,26031.0,25802.0,25883.0,25969.0,26048.0,26611.0,26641.0,66.625,297390.69299999997
19,carp-suite,1,16,12,1000000,1024,5100000,8900000,5100000,8700000,5300000,8400000,5300000,8100000,6300000,7400000,5100000,8800000,5800000,8500000,5500000,8199999,5700000,8000000,5300000,8500000,5000000,8600000,5400000,8400000,0.085,0,16782.0,16786.0,22008.0,22016.0,22434.0,22449.0,23695.0,23709.0,23490.0,23502.0,24200.0,24210.0,25008.0,25126.0,24488.0,24607.0,24555.0,24571.0,24593.0,24617.0,25941.0,25966.0,25195.0,25243.0,157.96099999999998,282959.888
20,carp-suite,2,128,12,1000000,1024,4900000,10400000,4099999,8600000,4200000,8900000,4099999,8700000,5300000,8600000,4500000,7800000,4600000,9100000,3500000,9100000,4600000,8500000,5100000,8400000,4700000,8500000,6400000,8800000,0.035,0,42680.0,42813.0,53942.0,54153.0,56938.0,57074.0,57577.0,57726.0,55523.0,55727.0,55157.0,55241.0,54713.0,54781.0,54676.0,54730.0,57441.0,57683.0,54105.0,54324.0,53416.0,53540.0,53759.0,53868.0,474.337,652133.819
21,carp-suite,1,512,12,750000,1024,3000000,8900000,5000000,8000000,2900000,11800000,5100000,10000000,5600000,11900000,3700000,12000000,2700000,9500000,5900000,10000000,2800000,11800000,5900000,12600000,5300000,12800000,2400000,10400000,0.058,0,46850.0,46979.0,56801.0,57021.0,83983.0,84318.0,148232.0,148392.0,129265.99999999999,129475.0,127241.0,127451.0,131271.0,131446.0,116281.0,116379.0,110904.0,111093.0,101820.0,102070.0,128473.00000000001,128695.0,109744.0,109957.0,14725.121,1308002.6539999999
22,carp-suite,3,32,12,750000,2048,6200000,8000000,6300000,8000000,6200000,7700000,6300000,8400000,6200000,8000000,6300000,7800000,6300000,7800000,6200000,8900000,6200000,8000000,6200000,7800000,6300000,7900000,6300000,7900000,0.05,0,83891.0,83916.0,82613.0,82673.0,84599.0,84653.0,85090.0,85135.0,83565.0,83578.0,87598.0,87654.0,83803.0,83836.0,86022.0,86065.0,85257.0,85304.0,85441.0,85501.0,85312.0,85367.0,87307.0,87377.0,103.04299999999999,1021161.606
23,carp-suite,2,512,12,750000,2048,3800000,8000000,3700000,10300000,3400000,10000000,4500000,14400000,6100000,9700000,5800000,12700000,3000000,7400000,3700000,12400000,4200000,10900000,2900000,7800000,5600000,11200000,4900000,8100000,0.053,0,39131.0,45577.0,87916.0,94416.0,104378.0,104634.0,129031.0,129312.00000000001,123734.0,128162.0,133575.0,138001.0,124807.0,125007.0,135753.0,135934.0,126462.0,126691.0,118944.0,119145.0,115654.0,115863.0,115188.0,115507.0,1012.3580000000001,1379262.044
24,carp-suite,2,16,12,750000,2048,4600000,9100000,4900000,8700000,5900000,8000000,6300000,7200000,5800000,8100000,5700000,8199999,5700000,8199999,5700000,8199999,5900000,8400000,6300000,7100000,6300000,7500000,6300000,7500000,0.038,0,17230.0,17239.0,24472.0,24480.0,25728.0,25754.0,25354.0,25392.0,26606.0,26643.0,27670.0,27690.0,27491.0,27510.0,27489.0,27516.0,28160.0,28172.0,25704.0,25731.0,26316.0,26349.0,26326.0,26389.0,130.86100000000002,308996.583
25,carp-suite,1,128,12,750000,2048,5200000,9200000,4700000,8800000,4800000,8900000,4800000,9800000,5900000,8900000,4300000,9000000,4099999,8000000,5700000,7600000,4200000,9000000,3900000,8100000,5200000,8800000,4500000,8600000,0.049,0,50696.0,50793.0,53683.0,53770.0,53184.0,53289.0,57804.0,57931.0,59167.0,59300.0,58636.0,58718.0,58280.0,58334.0,56326.0,56415.0,56501.0,56626.0,57129.0,57278.0,58082.0,58273.0,53537.0,53643.0,453.852,674821.713
26,carp-suite,1,64,12,750000,2048,4200000,8400000,4700000,9700000,5700000,7700000,5400000,9500000,4099999,8700000,4500000,9900000,4200000,8500000,4099999,8500000,4900000,9800000,6000000,8500000,4500000,7600000,5800000,8000000,0.038,0,53616.0,53680.0,53596.0,53715.0,56639.0,56729.0,58413.0,58458.0,60918.0,60980.0,57483.0,57597.0,59087.0,59198.0,62925.0,62964.0,58220.0,58299.0,57049.0,57115.0,59927.0,60044.0,65245.99999999999,65544.0,167.714,704490.2590000001
27,carp-suite,3,64,12,1000000,1024,5400000,7400000,4000000,8700000,4099999,9300000,5400000,7700000,4300000,8300000,5100000,8000000,4900000,7500000,4300000,8100000,4300000,9700000,4800000,8400000,6000000,9000000,5200000,9800000,0.084,0,60450.0,60499.0,72870.0,72955.0,74425.0,74497.0,74546.0,74613.0,78477.0,78552.0,73236.0,73318.0,74432.0,74522.0,76051.0,76116.0,73868.0,73969.0,79007.0,79111.0,76014.0,76086.0,72930.0,73038.0,654.317,887929.677
28,carp-suite,2,64,12,1000000,2048,6100000,8199999,5500000,11000000,5300000,8199999,4400000,8199999,4600000,8700000,4200000,8500000,5100000,8100000,4800000,9600000,5100000,9200000,4099999,9800000,5000000,9900000,5200000,7700000,0.037,0,53973.0,54019.0,56707.0,56836.0,56668.0,56818.0,55918.0,56014.0,56642.0,56733.0,59391.0,59429.0,56565.0,56621.0,57206.0,57274.0,57617.0,57706.0,56493.0,56550.0,57872.0,57962.0,57942.0,58040.0,132.84,684136.1140000001
29,carp-suite,3,16,12,750000,1024,4300000,8900000,4800000,8500000,5700000,8000000,6200000,7900000,6000000,7900000,6200000,8000000,6200000,7700000,6300000,7700000,6200000,7900000,5500000,8600000,6300000,7700000,6100000,7800000,0.054,0,17852.0,17867.0,25568.0,25586.0,25421.0,25433.0,25036.0,25058.0,26210.0,26217.0,27302.0,27314.0,27122.0,27139.0,27460.0,27497.0,27512.0,27538.0,28621.0,28727.0,26787.0,26889.0,27335.0,27378.0,81.706,312725.582
30,carp-suite,2,256,12,750000,2048,4099999,8700000,4200000,11800000,4600000,10700000,4900000,11000000,3900000,9300000,4099999,8500000,5800000,9300000,4700000,9000000,5500000,8700000,6100000,9100000,5600000,10100000,4900000,9700000,0.05,0,32708.0,32847.0,62796.0,62999.0,81630.0,81838.0,80032.0,80168.0,79033.0,79147.0,81115.0,81308.0,74722.0,74931.0,74965.0,75113.0,78698.0,78840.0,79658.0,79758.0,74052.0,74217.0,83191.0,83383.0,25717.012,910265.9
31,carp-suite,1,16,12,1000000,2048,4300000,8800000,4600000,8400000,5200000,8300000,4400000,8700000,5100000,8199999,4700000,8500000,4400000,8700000,4700000,8700000,4700000,8500000,5300000,8400000,4700000,8600000,5500000,8199999,0.076,0,17394.0,17401.0,25264.0,25336.0,25230.0,25302.0,26450.0,26474.0,26242.0,26263.0,27266.0,27284.0,28082.0,28092.0,27776.0,27786.0,27823.0,27834.0,27310.0,27322.0,27556.0,27575.0,27058.0,27120.0,131.08700000000002,313918.422
32,carp-suite,3,128,12,750000,1024,4700000,9300000,4700000,9200000,4300000,8900000,4300000,9700000,4300000,9200000,5100000,8800000,4400000,8700000,5000000,9200000,4700000,8199999,4700000,8900000,5600000,9300000,3600000,8900000,0.067,0,44005.0,44154.0,55973.0,56073.0,56379.0,56499.0,63429.0,63544.0,53168.0,53243.0,57629.0,57679.0,56884.0,56991.0,58776.0,58902.0,57085.0,57248.0,53866.0,54011.0,59792.0,59886.0,57547.0,57671.0,260.73,676161.8180000001
33,carp-suite,2,256,12,750000,1024,4099999,12500000,5300000,9600000,5000000,9500000,4200000,9000000,4300000,9200000,4600000,9100000,4300000,8900000,4300000,8500000,4200000,10600000,5100000,8700000,4200000,8900000,3900000,8800000,0.044,0,39680.0,41621.0,52741.0,54754.0,62940.0,63125.0,79388.0,79520.0,80663.0,82499.0,78825.0,81118.0,71101.0,71828.0,64727.99999999999,64973.0,73861.0,74055.0,83768.0,83885.0,74315.0,74430.0,69117.0,69268.0,5307.13,846382.331
34,carp-suite,1,32,12,1000000,2048,6300000,8000000,6300000,7800000,6200000,7900000,6200000,7900000,6200000,7800000,6200000,7600000,6100000,8300000,6200000,7600000,6100000,7900000,6200000,7800000,6200000,8400000,6100000,7500000,0.047,0,98901.0,98945.0,117138.0,117183.0,115534.0,115598.0,113072.0,113094.0,123470.0,123505.0,117408.0,117468.0,119635.0,119647.0,119564.0,119604.0,117473.0,117609.0,119148.0,119256.0,120259.0,120297.0,126749.0,126810.0,95.91199999999999,1409110.0389999999
35,carp-suite,3,32,12,1000000,1024,6200000,8300000,6200000,8000000,6100000,8100000,6200000,8199999,6200000,8100000,5900000,8900000,6200000,7900000,6200000,7700000,6200000,8300000,6200000,7900000,6300000,7500000,5800000,7900000,0.053,0,85165.0,85208.0,84600.0,84624.0,83096.0,83114.0,86214.0,86241.0,85630.0,85657.0,91697.0,91761.0,86108.0,86156.0,88075.0,88099.0,86663.0,86715.0,93959.0,94037.0,87359.0,87386.0,86590.0,86713.0,82.02199999999999,1045792.6159999999
36,carp-suite,2,16,12,1000000,2048,4500000,8800000,4900000,8500000,4900000,8900000,4900000,9000000,5300000,9000000,5000000,8800000,5200000,8600000,5200000,8400000,4900000,9000000,5000000,8900000,5200000,8400000,5000000,8800000,0.105,0,17733.0,17749.0,24825.0,24869.0,26383.0,26415.0,26904.0,26917.0,27723.0,27760.0,28095.0,28122.0,28019.0,28113.0,28126.0,28223.0,28512.0,28548.0,28717.0,28765.0,28263.0,28294.0,28470.0,28513.0,60.915,322350.804
37,carp-suite,1,16,12,750000,1024,5700000,8400000,6300000,7800000,6000000,8000000,6400000,7600000,5300000,8600000,6300000,7600000,4900000,9000000,4900000,8300000,5300000,8100000,5700000,7900000,4900000,8199999,4900000,8400000,0.097,0,16050.999999999998,16056.999999999998,18151.0,18166.0,17724.0,17748.0,17803.0,17819.0,18191.0,18209.0,17378.0,17403.0,18455.0,18509.0,20112.0,20218.0,20603.0,20694.0,21550.0,21568.0,21946.0,21971.0,21861.0,21903.0,59.537,230323.691
38,carp-suite,2,32,12,750000,2048,6300000,7900000,6200000,8100000,6200000,8199999,6200000,7900000,6200000,8000000,6200000,7900000,6200000,8000000,6100000,8100000,6300000,8100000,6200000,8100000,6200000,8199999,6200000,8199999,0.064,0,102325.0,102439.0,119801.0,119877.0,118114.0,118175.0,121876.0,121987.0,118641.0,118798.0,120391.0,120468.0,118136.0,118156.0,122974.0,123003.0,123044.0,123096.0,115954.0,115988.0,116169.0,116230.0,119796.0,119859.0,116.509,1418192.315
39,carp-suite,2,256,12,1000000,2048,5700000,12500000,4000000,11100000,3600000,9100000,4500000,11000000,4900000,9500000,4600000,9200000,4300000,10000000,5800000,9600000,4000000,9000000,4700000,8800000,4800000,10000000,4200000,8900000,0.081,0,29539.0,29652.0,61092.0,61954.0,72499.0,73295.0,70508.0,70721.0,92827.0,93008.0,80316.0,80430.0,73164.0,73302.0,61984.0,62168.0,83404.0,83605.0,67666.0,67855.0,86160.0,86329.0,58255.0,58430.0,15187.272,855936.148
40,carp-suite,1,256,12,1000000,1024,5900000,11900000,6100000,14400000,3800000,11400000,4500000,10800000,4200000,9100000,4600000,12400000,5000000,9900000,4600000,9200000,4700000,9100000,4800000,10400000,5000000,11300000,4500000,10800000,0.079,0,32674.0,32849.0,65206.0,65394.00000000001,56356.0,56594.0,62130.0,62412.0,74237.0,74574.0,67595.0,68813.0,58610.0,62114.0,72248.0,74709.0,59939.0,60098.0,72038.0,72152.0,59420.0,59615.0,54091.0,54276.0,27517.797000000002,771116.985
41,carp-suite,1,256,12,1000000,2048,6100000,11500000,4700000,12600000,4600000,11200000,4099999,9300000,4500000,9900000,5800000,9600000,4500000,9100000,5800000,11900000,5800000,9300000,4900000,8600000,5700000,9900000,5500000,10400000,0.047,0,29932.0,30072.0,56844.0,57050.0,45344.0,45546.0,71698.0,71842.0,78093.0,78228.0,69883.0,70021.0,51838.0,51973.0,66583.0,66758.0,61173.0,61336.0,65224.99999999999,65522.99999999999,62817.0,63019.0,72899.0,72991.0,5976.008,740333.6699999999
42,carp-suite,1,128,12,1000000,1024,4900000,9400000,4200000,10300000,5300000,8400000,5200000,8500000,4099999,8600000,5100000,8900000,4500000,8400000,4900000,8700000,4600000,8600000,5200000,8100000,5100000,9100000,4600000,8199999,0.045,0,42175.0,42303.0,50169.0,50310.0,54312.0,54447.0,59297.0,59389.0,55772.0,55910.0,61469.0,61601.0,58706.0,58801.0,57707.0,57809.0,55323.0,55393.0,57943.0,58032.0,56264.0,56327.0,57883.0,57994.0,232.857,668548.843
43,carp-suite,1,64,12,1000000,2048,4900000,9100000,5500000,8800000,5700000,8300000,5700000,8199999,5700000,8100000,5800000,7500000,5500000,8500000,5600000,8199999,5800000,8600000,5300000,7900000,5900000,7600000,6200000,8300000,0.039,0,60717.0,60792.0,71334.0,71448.0,76948.0,77041.0,77770.0,77883.0,75729.0,75844.0,77405.0,77515.0,78873.0,78959.0,75956.0,76040.0,77633.0,77747.0,78704.0,78763.0,78575.0,78740.0,79310.0,79531.0,206.009,910508.1579999999
44,carp-suite,2,128,12,1000000,2048,5000000,10000000,4800000,8000000,4400000,8900000,5300000,9900000,4200000,7900000,4700000,8400000,4200000,8000000,4900000,8700000,5100000,8300000,4300000,8100000,4500000,8500000,5100000,9500000,0.104,0,46280.0,46388.0,53819.0,53920.0,55328.0,55417.0,57497.0,57608.0,58100.0,58221.0,53537.0,53596.0,54672.0,54802.0,54146.0,54219.0,56069.0,56154.0,58230.0,58316.0,57134.0,57276.0,57669.0,57825.0,253.25900000000001,663997.241
45,carp-suite,2,64,12,750000,1024,5700000,7700000,5900000,9100000,5400000,7600000,5900000,8700000,6200000,8500000,6400000,8500000,6300000,8000000,6300000,7700000,6200000,8500000,6100000,7600000,6200000,7900000,6100000,7900000,0.045,0,60601.0,60668.0,72880.0,72932.0,85909.0,85953.0,74837.0,74953.0,80806.0,80912.0,82354.0,82419.0,78311.0,78357.0,79564.0,79638.0,78402.0,78483.0,78841.0,78921.0,89873.0,89926.0,77988.0,78098.0,201.38,941462.014
46,carp-suite,2,512,12,1000000,2048,3100000,9600000,4900000,9400000,5800000,10800000,5500000,12000000,5400000,10800000,5000000,9200000,5400000,10500000,4000000,9000000,5300000,11400000,5500000,8400000,5500000,10800000,5400000,11500000,0.072,0,46448.0,47362.0,84088.0,84985.0,105083.0,105288.0,114484.0,114725.0,127418.0,127664.0,150647.0,150899.0,124598.0,124888.0,116968.0,117183.0,108664.0,108832.0,120684.0,120835.0,117909.0,118157.0,119118.0,119429.0,6676.368,1346921.294
47,carp-suite,1,256,12,750000,1024,6100000,12000000,4600000,12800000,4400000,9100000,4400000,9900000,5100000,9700000,4000000,10100000,4099999,9200000,4500000,9300000,4500000,9000000,3600000,9400000,5600000,8500000,4600000,8700000,0.075,0,31034.0,31198.0,59640.0,59809.0,71583.0,71788.0,74399.0,74609.0,75112.0,75239.0,79329.0,80573.0,80638.0,87304.0,72800.0,78333.0,71256.0,71387.0,77590.0,77722.0,72034.0,72140.0,72119.0,72291.0,4753.5689999999995,857147.3559999999
48,carp-suite,1,16,12,750000,2048,5100000,8600000,4800000,8700000,4800000,8400000,4700000,8600000,4600000,8700000,5000000,8100000,4600000,8700000,4600000,8800000,4700000,8700000,4800000,8600000,4700000,8700000,5000000,8100000,0.084,0,15965.0,15979.0,22508.0,22530.0,23556.0,23576.0,25254.0,25268.0,25644.0,25658.0,25815.0,25827.0,26197.0,26216.0,27071.0,27205.0,27424.0,27552.0,27153.0,27235.0,27951.0,28030.0,27154.0,27203.0,72.494,302351.658
49,carp-suite,2,128,12,750000,2048,4600000,9900000,6100000,7500000,5000000,9600000,5800000,8300000,4400000,9500000,5200000,9300000,6000000,7800000,5800000,7400000,4900000,9700000,4200000,9300000,5000000,9800000,5900000,8100000,0.053,0,41148.0,41235.0,50165.0,50266.0,55173.0,55291.0,58011.0,58085.0,56368.0,56436.0,64702.0,64791.0,57613.0,57700.0,57491.0,57602.0,60938.0,61053.0,55599.0,55804.0,57282.0,57504.0,55139.0,55268.0,246.051,671281.4959999999
50,carp-suite,1,512,12,750000,2048,4099999,10400000,5400000,8700000,5700000,11800000,6200000,11300000,5900000,13800000,5800000,11500000,2400000,7500000,6000000,10700000,3300000,10900000,5800000,12300000,5800000,11400000,2700000,10300000,0.053,0,43446.0,43788.0,71489.0,71917.0,113295.0,113502.0,105751.0,105927.0,106673.0,106964.0,94698.0,95017.0,139332.0,139538.0,111146.0,111328.0,122281.0,122502.0,139371.0,139586.0,113928.0,114071.0,128943.00000000001,129127.99999999999,576.499,1293842.7010000001
51,carp-suite,2,128,12,750000,1024,6000000,8700000,4500000,8800000,4300000,10000000,5200000,9300000,6100000,8199999,5000000,8500000,4400000,8000000,4900000,8800000,4099999,8700000,3900000,8199999,5600000,8500000,5400000,7900000,0.035,0,43581.0,44953.0,49151.0,50514.0,53810.0,53898.0,54495.0,54597.0,53868.0,54023.0,53168.0,53275.0,53406.0,53490.0,56425.0,56526.0,56774.0,56852.0,53819.0,53914.0,64337.0,64483.99999999999,54107.0,54237.0,395.18399999999997,651159.088
52,carp-suite,1,64,12,1000000,1024,3900000,8500000,5600000,9700000,5800000,10000000,6000000,9200000,5800000,7500000,6000000,8300000,6100000,7800000,5800000,8400000,6300000,10100000,6000000,7800000,5900000,8100000,6100000,8900000,0.061,0,62345.0,62453.0,73158.0,73278.0,75782.0,75842.0,73610.0,73727.0,78075.0,78168.0,76619.0,76682.0,77409.0,77518.0,77245.0,77338.0,76514.0,76638.0,77886.0,77988.0,77640.0,77706.0,75720.0,75799.0,225.689,903362.5909999999
53,carp-suite,3,32,12,1000000,2048,6300000,8199999,6300000,8000000,6200000,7800000,6300000,8800000,6200000,7500000,6100000,7900000,6200000,7900000,6300000,8100000,6100000,7900000,6300000,8100000,6100000,8000000,6200000,7700000,0.043,0,100942.0,100964.0,109966.0,110003.0,115174.0,115193.0,117675.0,117719.0,115955.0,115988.0,119223.0,119256.0,117966.0,118006.0,117935.0,117981.0,117905.0,117985.0,118820.0,118972.0,118978.0,119058.0,118141.0,118195.0,102.038,1389421.427
54,carp-suite,1,256,12,750000,2048,6100000,11500000,4400000,13400000,5200000,10600000,4900000,12500000,4300000,10800000,4400000,8700000,4400000,10100000,4600000,8800000,5300000,8700000,5800000,9300000,4600000,9700000,4500000,8600000,0.039,0,32514.000000000004,33665.0,64366.0,65524.0,59404.0,59860.0,65042.0,67292.0,68127.0,70278.0,80284.0,80553.0,64706.0,64867.99999999999,80925.0,81100.0,58380.0,58507.0,73280.0,73388.0,63755.0,63895.0,60176.0,60357.0,424.562,779711.7019999999
55,carp-suite,1,128,12,1000000,2048,4500000,10100000,4500000,8800000,5600000,8800000,4200000,8000000,4300000,8600000,4200000,9800000,3500000,9200000,3900000,8199999,3700000,9100000,4200000,8199999,4700000,8300000,3900000,8100000,0.083,0,41601.0,41754.0,52276.0,52416.0,57860.0,57973.0,53127.0,53231.0,57276.0,57330.0,52684.0,52756.0,55962.0,56088.0,57632.0,57758.0,56004.0,56075.0,54495.0,54623.0,53147.0,53251.0,55596.0,55702.0,296.103,649254.5260000001
56,carp-suite,1,512,12,1000000,2048,4800000,9300000,5400000,9000000,5600000,9500000,3100000,12000000,3500000,9400000,5400000,10900000,6100000,10900000,4099999,10900000,4800000,10300000,4300000,10500000,5500000,10300000,5600000,10300000,0.058,0,36358.0,40740.0,69553.0,74009.0,101792.0,102008.0,112857.0,113000.0,123043.0,123190.0,132831.0,133060.0,153940.0,154134.0,104206.0,104397.0,145526.0,145685.0,122351.0,122651.0,136545.0,136841.0,122600.0,122821.0,985.373,1373522.839
57,carp-suite,2,16,12,1000000,1024,5000000,8400000,4700000,8600000,4500000,8700000,4400000,8800000,4500000,8800000,4300000,8900000,4500000,8700000,4300000,8800000,4600000,8700000,4200000,9000000,4800000,8600000,4400000,8700000,0.118,0,16178.999999999998,16192.0,21935.0,21961.0,23277.0,23304.0,24262.0,24278.0,24798.0,24830.0,25893.0,26011.0,25862.0,25984.0,26207.0,26214.0,25817.0,25833.0,26088.0,26113.0,26033.0,26049.0,25939.0,25994.0,75.83,292838.019
58,carp-suite,2,32,12,750000,1024,6300000,8100000,6200000,7700000,6200000,7700000,6300000,7900000,6300000,8600000,6200000,8300000,6000000,8600000,6200000,8300000,6200000,8000000,6300000,8600000,6200000,7800000,6200000,8100000,0.059,0,103261.0,103324.0,111638.0,111694.0,114083.0,114131.0,111245.0,111280.0,118244.0,118296.0,115901.0,115949.0,114340.0,114392.0,114353.0,114391.0,117241.0,117277.0,116715.0,116734.0,117025.0,117063.0,116375.0,116516.0,122.488,1371171.098
59,carp-suite,2,256,12,1000000,1024,6100000,11600000,3500000,9800000,4000000,11400000,4300000,11200000,5700000,12200000,4099999,10900000,4400000,12200000,3700000,10400000,5700000,10600000,4200000,11300000,5000000,8500000,5200000,10000000,0.069,0,31166.0,31326.0,75886.0,76168.0,62938.0,63138.0,76933.0,77166.0,79377.0,79547.0,56892.0,57094.0,63975.0,64126.00000000001,65773.0,65911.0,64183.00000000001,64300.0,64254.00000000001,64370.00000000001,55594.0,55733.0,58690.0,58839.0,29141.893,786860.176
60,carp-suite,3,16,12,750000,2048,6300000,7200000,5600000,8400000,5800000,8400000,5900000,8300000,5800000,8300000,5800000,8300000,5800000,8300000,5900000,8300000,5700000,8400000,5800000,8300000,6000000,8000000,6000000,8100000,0.063,0,18104.0,18127.0,23177.0,23203.0,23815.0,23833.0,24864.0,24891.0,25626.0,25652.0,25914.0,25929.0,26392.0,26406.0,26820.0,26849.0,26955.0,26970.0,26185.0,26194.0,26160.0,26186.0,26681.0,26737.0,75.242,301052.28699999995
